"FullName","Length","LastWriteTime"
"C:\repos_pn\antigravity-kit\.agent",,"12/02/2026 15:43:28"
"C:\repos_pn\antigravity-kit\web",,"12/02/2026 15:43:28"
"C:\repos_pn\antigravity-kit\.editorconfig","360","12/02/2026 15:43:28"
"C:\repos_pn\antigravity-kit\.gitignore","72","12/02/2026 15:43:28"
"C:\repos_pn\antigravity-kit\AGENT_FLOW.md","33878","12/02/2026 15:43:28"
"C:\repos_pn\antigravity-kit\CHANGELOG.md","2642","12/02/2026 15:43:28"
"C:\repos_pn\antigravity-kit\dest_files.csv","0","12/02/2026 16:01:58"
"C:\repos_pn\antigravity-kit\LICENSE","1084","12/02/2026 15:43:28"
"C:\repos_pn\antigravity-kit\package-lock.json","230","12/02/2026 15:43:28"
"C:\repos_pn\antigravity-kit\package.json","576","12/02/2026 15:43:28"
"C:\repos_pn\antigravity-kit\README.md","5637","12/02/2026 15:43:28"
"C:\repos_pn\antigravity-kit\source_files.csv","42401","12/02/2026 16:01:54"
"C:\repos_pn\antigravity-kit\.agent\.shared",,"12/02/2026 15:43:27"
"C:\repos_pn\antigravity-kit\.agent\agents",,"12/02/2026 15:43:27"
"C:\repos_pn\antigravity-kit\.agent\rules",,"12/02/2026 15:43:27"
"C:\repos_pn\antigravity-kit\.agent\scripts",,"12/02/2026 15:43:27"
"C:\repos_pn\antigravity-kit\.agent\skills",,"12/02/2026 15:43:28"
"C:\repos_pn\antigravity-kit\.agent\workflows",,"12/02/2026 15:43:28"
"C:\repos_pn\antigravity-kit\.agent\ARCHITECTURE.md","11854","12/02/2026 15:43:27"
"C:\repos_pn\antigravity-kit\.agent\mcp_config.json","519","12/02/2026 15:43:27"
"C:\repos_pn\antigravity-kit\.agent\.shared\ui-ux-pro-max",,"12/02/2026 15:43:27"
"C:\repos_pn\antigravity-kit\.agent\.shared\ui-ux-pro-max\data",,"12/02/2026 15:43:27"
"C:\repos_pn\antigravity-kit\.agent\.shared\ui-ux-pro-max\scripts",,"12/02/2026 15:43:27"
"C:\repos_pn\antigravity-kit\.agent\.shared\ui-ux-pro-max\data\stacks",,"12/02/2026 15:43:27"
"C:\repos_pn\antigravity-kit\.agent\.shared\ui-ux-pro-max\data\charts.csv","7680","12/02/2026 15:43:27"
"C:\repos_pn\antigravity-kit\.agent\.shared\ui-ux-pro-max\data\colors.csv","13023","12/02/2026 15:43:27"
"C:\repos_pn\antigravity-kit\.agent\.shared\ui-ux-pro-max\data\icons.csv","13486","12/02/2026 15:43:27"
"C:\repos_pn\antigravity-kit\.agent\.shared\ui-ux-pro-max\data\landing.csv","14372","12/02/2026 15:43:27"
"C:\repos_pn\antigravity-kit\.agent\.shared\ui-ux-pro-max\data\products.csv","29790","12/02/2026 15:43:27"
"C:\repos_pn\antigravity-kit\.agent\.shared\ui-ux-pro-max\data\prompts.csv","17425","12/02/2026 15:43:27"
"C:\repos_pn\antigravity-kit\.agent\.shared\ui-ux-pro-max\data\react-performance.csv","14867","12/02/2026 15:43:27"
"C:\repos_pn\antigravity-kit\.agent\.shared\ui-ux-pro-max\data\styles.csv","40970","12/02/2026 15:43:27"
"C:\repos_pn\antigravity-kit\.agent\.shared\ui-ux-pro-max\data\typography.csv","31935","12/02/2026 15:43:27"
"C:\repos_pn\antigravity-kit\.agent\.shared\ui-ux-pro-max\data\ui-reasoning.csv","31172","12/02/2026 15:43:27"
"C:\repos_pn\antigravity-kit\.agent\.shared\ui-ux-pro-max\data\ux-guidelines.csv","18766","12/02/2026 15:43:27"
"C:\repos_pn\antigravity-kit\.agent\.shared\ui-ux-pro-max\data\web-interface.csv","7503","12/02/2026 15:43:27"
"C:\repos_pn\antigravity-kit\.agent\.shared\ui-ux-pro-max\data\stacks\flutter.csv","10469","12/02/2026 15:43:27"
"C:\repos_pn\antigravity-kit\.agent\.shared\ui-ux-pro-max\data\stacks\html-tailwind.csv","11361","12/02/2026 15:43:27"
"C:\repos_pn\antigravity-kit\.agent\.shared\ui-ux-pro-max\data\stacks\jetpack-compose.csv","8248","12/02/2026 15:43:27"
"C:\repos_pn\antigravity-kit\.agent\.shared\ui-ux-pro-max\data\stacks\nextjs.csv","12546","12/02/2026 15:43:27"
"C:\repos_pn\antigravity-kit\.agent\.shared\ui-ux-pro-max\data\stacks\nuxt-ui.csv","14061","12/02/2026 15:43:27"
"C:\repos_pn\antigravity-kit\.agent\.shared\ui-ux-pro-max\data\stacks\nuxtjs.csv","16598","12/02/2026 15:43:27"
"C:\repos_pn\antigravity-kit\.agent\.shared\ui-ux-pro-max\data\stacks\react-native.csv","10035","12/02/2026 15:43:27"
"C:\repos_pn\antigravity-kit\.agent\.shared\ui-ux-pro-max\data\stacks\react.csv","13016","12/02/2026 15:43:27"
"C:\repos_pn\antigravity-kit\.agent\.shared\ui-ux-pro-max\data\stacks\shadcn.csv","15982","12/02/2026 15:43:27"
"C:\repos_pn\antigravity-kit\.agent\.shared\ui-ux-pro-max\data\stacks\svelte.csv","11063","12/02/2026 15:43:27"
"C:\repos_pn\antigravity-kit\.agent\.shared\ui-ux-pro-max\data\stacks\swiftui.csv","10872","12/02/2026 15:43:27"
"C:\repos_pn\antigravity-kit\.agent\.shared\ui-ux-pro-max\data\stacks\vue.csv","11056","12/02/2026 15:43:27"
"C:\repos_pn\antigravity-kit\.agent\.shared\ui-ux-pro-max\scripts\__pycache__",,"12/02/2026 15:43:27"
"C:\repos_pn\antigravity-kit\.agent\.shared\ui-ux-pro-max\scripts\core.py","10678","12/02/2026 15:43:27"
"C:\repos_pn\antigravity-kit\.agent\.shared\ui-ux-pro-max\scripts\design_system.py","44681","12/02/2026 15:43:27"
"C:\repos_pn\antigravity-kit\.agent\.shared\ui-ux-pro-max\scripts\search.py","5095","12/02/2026 15:43:27"
"C:\repos_pn\antigravity-kit\.agent\.shared\ui-ux-pro-max\scripts\__pycache__\core.cpython-313.pyc","12003","12/02/2026 15:43:27"
"C:\repos_pn\antigravity-kit\.agent\.shared\ui-ux-pro-max\scripts\__pycache__\design_system.cpython-313.pyc","58773","12/02/2026 15:43:27"
"C:\repos_pn\antigravity-kit\.agent\agents\backend-specialist.md","8870","12/02/2026 15:43:27"
"C:\repos_pn\antigravity-kit\.agent\agents\code-archaeologist.md","3445","12/02/2026 15:43:27"
"C:\repos_pn\antigravity-kit\.agent\agents\database-architect.md","7083","12/02/2026 15:43:27"
"C:\repos_pn\antigravity-kit\.agent\agents\debugger.md","8058","12/02/2026 15:43:27"
"C:\repos_pn\antigravity-kit\.agent\agents\devops-engineer.md","6541","12/02/2026 15:43:27"
"C:\repos_pn\antigravity-kit\.agent\agents\documentation-writer.md","2649","12/02/2026 15:43:27"
"C:\repos_pn\antigravity-kit\.agent\agents\explorer-agent.md","4024","12/02/2026 15:43:27"
"C:\repos_pn\antigravity-kit\.agent\agents\frontend-specialist.md","26386","12/02/2026 15:43:27"
"C:\repos_pn\antigravity-kit\.agent\agents\game-developer.md","4858","12/02/2026 15:43:27"
"C:\repos_pn\antigravity-kit\.agent\agents\mobile-developer.md","13301","12/02/2026 15:43:27"
"C:\repos_pn\antigravity-kit\.agent\agents\orchestrator.md","14245","12/02/2026 15:43:27"
"C:\repos_pn\antigravity-kit\.agent\agents\penetration-tester.md","4995","12/02/2026 15:43:27"
"C:\repos_pn\antigravity-kit\.agent\agents\performance-optimizer.md","4571","12/02/2026 15:43:27"
"C:\repos_pn\antigravity-kit\.agent\agents\product-manager.md","3266","12/02/2026 15:43:27"
"C:\repos_pn\antigravity-kit\.agent\agents\product-owner.md","3984","12/02/2026 15:43:27"
"C:\repos_pn\antigravity-kit\.agent\agents\project-planner.md","14111","12/02/2026 15:43:27"
"C:\repos_pn\antigravity-kit\.agent\agents\qa-automation-engineer.md","3305","12/02/2026 15:43:27"
"C:\repos_pn\antigravity-kit\.agent\agents\security-auditor.md","4837","12/02/2026 15:43:27"
"C:\repos_pn\antigravity-kit\.agent\agents\seo-specialist.md","2840","12/02/2026 15:43:27"
"C:\repos_pn\antigravity-kit\.agent\agents\test-engineer.md","3340","12/02/2026 15:43:27"
"C:\repos_pn\antigravity-kit\.agent\rules\GEMINI.md","12170","12/02/2026 15:43:27"
"C:\repos_pn\antigravity-kit\.agent\scripts\auto_preview.py","4137","12/02/2026 15:43:27"
"C:\repos_pn\antigravity-kit\.agent\scripts\checklist.py","7786","12/02/2026 15:43:27"
"C:\repos_pn\antigravity-kit\.agent\scripts\session_manager.py","4316","12/02/2026 15:43:27"
"C:\repos_pn\antigravity-kit\.agent\scripts\verify_all.py","11324","12/02/2026 15:43:27"
"C:\repos_pn\antigravity-kit\.agent\skills\api-patterns",,"12/02/2026 15:43:27"
"C:\repos_pn\antigravity-kit\.agent\skills\app-builder",,"12/02/2026 15:43:27"
"C:\repos_pn\antigravity-kit\.agent\skills\architecture",,"12/02/2026 15:43:27"
"C:\repos_pn\antigravity-kit\.agent\skills\bash-linux",,"12/02/2026 15:43:27"
"C:\repos_pn\antigravity-kit\.agent\skills\behavioral-modes",,"12/02/2026 15:43:27"
"C:\repos_pn\antigravity-kit\.agent\skills\brainstorming",,"12/02/2026 15:43:27"
"C:\repos_pn\antigravity-kit\.agent\skills\clean-code",,"12/02/2026 15:43:27"
"C:\repos_pn\antigravity-kit\.agent\skills\code-review-checklist",,"12/02/2026 15:43:27"
"C:\repos_pn\antigravity-kit\.agent\skills\database-design",,"12/02/2026 15:43:27"
"C:\repos_pn\antigravity-kit\.agent\skills\deployment-procedures",,"12/02/2026 15:43:28"
"C:\repos_pn\antigravity-kit\.agent\skills\documentation-templates",,"12/02/2026 15:43:28"
"C:\repos_pn\antigravity-kit\.agent\skills\frontend-design",,"12/02/2026 15:43:28"
"C:\repos_pn\antigravity-kit\.agent\skills\game-development",,"12/02/2026 15:43:28"
"C:\repos_pn\antigravity-kit\.agent\skills\geo-fundamentals",,"12/02/2026 15:43:28"
"C:\repos_pn\antigravity-kit\.agent\skills\i18n-localization",,"12/02/2026 15:43:28"
"C:\repos_pn\antigravity-kit\.agent\skills\intelligent-routing",,"12/02/2026 15:43:28"
"C:\repos_pn\antigravity-kit\.agent\skills\lint-and-validate",,"12/02/2026 15:43:28"
"C:\repos_pn\antigravity-kit\.agent\skills\mcp-builder",,"12/02/2026 15:43:28"
"C:\repos_pn\antigravity-kit\.agent\skills\mobile-design",,"12/02/2026 15:43:28"
"C:\repos_pn\antigravity-kit\.agent\skills\nextjs-react-expert",,"12/02/2026 15:43:28"
"C:\repos_pn\antigravity-kit\.agent\skills\nodejs-best-practices",,"12/02/2026 15:43:28"
"C:\repos_pn\antigravity-kit\.agent\skills\parallel-agents",,"12/02/2026 15:43:28"
"C:\repos_pn\antigravity-kit\.agent\skills\performance-profiling",,"12/02/2026 15:43:28"
"C:\repos_pn\antigravity-kit\.agent\skills\plan-writing",,"12/02/2026 15:43:28"
"C:\repos_pn\antigravity-kit\.agent\skills\powershell-windows",,"12/02/2026 15:43:28"
"C:\repos_pn\antigravity-kit\.agent\skills\python-patterns",,"12/02/2026 15:43:28"
"C:\repos_pn\antigravity-kit\.agent\skills\red-team-tactics",,"12/02/2026 15:43:28"
"C:\repos_pn\antigravity-kit\.agent\skills\rust-pro",,"12/02/2026 15:43:28"
"C:\repos_pn\antigravity-kit\.agent\skills\seo-fundamentals",,"12/02/2026 15:43:28"
"C:\repos_pn\antigravity-kit\.agent\skills\server-management",,"12/02/2026 15:43:28"
"C:\repos_pn\antigravity-kit\.agent\skills\systematic-debugging",,"12/02/2026 15:43:28"
"C:\repos_pn\antigravity-kit\.agent\skills\tailwind-patterns",,"12/02/2026 15:43:28"
"C:\repos_pn\antigravity-kit\.agent\skills\tdd-workflow",,"12/02/2026 15:43:28"
"C:\repos_pn\antigravity-kit\.agent\skills\testing-patterns",,"12/02/2026 15:43:28"
"C:\repos_pn\antigravity-kit\.agent\skills\vulnerability-scanner",,"12/02/2026 15:43:28"
"C:\repos_pn\antigravity-kit\.agent\skills\web-design-guidelines",,"12/02/2026 15:43:28"
"C:\repos_pn\antigravity-kit\.agent\skills\webapp-testing",,"12/02/2026 15:43:28"
"C:\repos_pn\antigravity-kit\.agent\skills\doc.md","5222","12/02/2026 15:43:28"
"C:\repos_pn\antigravity-kit\.agent\skills\api-patterns\scripts",,"12/02/2026 15:43:27"
"C:\repos_pn\antigravity-kit\.agent\skills\api-patterns\api-style.md","1197","12/02/2026 15:43:27"
"C:\repos_pn\antigravity-kit\.agent\skills\api-patterns\auth.md","600","12/02/2026 15:43:27"
"C:\repos_pn\antigravity-kit\.agent\skills\api-patterns\documentation.md","575","12/02/2026 15:43:27"
"C:\repos_pn\antigravity-kit\.agent\skills\api-patterns\graphql.md","1018","12/02/2026 15:43:27"
"C:\repos_pn\antigravity-kit\.agent\skills\api-patterns\rate-limiting.md","757","12/02/2026 15:43:27"
"C:\repos_pn\antigravity-kit\.agent\skills\api-patterns\response.md","958","12/02/2026 15:43:27"
"C:\repos_pn\antigravity-kit\.agent\skills\api-patterns\rest.md","1320","12/02/2026 15:43:27"
"C:\repos_pn\antigravity-kit\.agent\skills\api-patterns\security-testing.md","3014","12/02/2026 15:43:27"
"C:\repos_pn\antigravity-kit\.agent\skills\api-patterns\SKILL.md","2516","12/02/2026 15:43:27"
"C:\repos_pn\antigravity-kit\.agent\skills\api-patterns\trpc.md","842","12/02/2026 15:43:27"
"C:\repos_pn\antigravity-kit\.agent\skills\api-patterns\versioning.md","673","12/02/2026 15:43:27"
"C:\repos_pn\antigravity-kit\.agent\skills\api-patterns\scripts\api_validator.py","7804","12/02/2026 15:43:27"
"C:\repos_pn\antigravity-kit\.agent\skills\app-builder\templates",,"12/02/2026 15:43:27"
"C:\repos_pn\antigravity-kit\.agent\skills\app-builder\agent-coordination.md","5626","12/02/2026 15:43:27"
"C:\repos_pn\antigravity-kit\.agent\skills\app-builder\feature-building.md","1176","12/02/2026 15:43:27"
"C:\repos_pn\antigravity-kit\.agent\skills\app-builder\project-detection.md","1357","12/02/2026 15:43:27"
"C:\repos_pn\antigravity-kit\.agent\skills\app-builder\scaffolding.md","3727","12/02/2026 15:43:27"
"C:\repos_pn\antigravity-kit\.agent\skills\app-builder\SKILL.md","3247","12/02/2026 15:43:27"
"C:\repos_pn\antigravity-kit\.agent\skills\app-builder\tech-stack.md","926","12/02/2026 15:43:27"
"C:\repos_pn\antigravity-kit\.agent\skills\app-builder\templates\astro-static",,"12/02/2026 15:43:27"
"C:\repos_pn\antigravity-kit\.agent\skills\app-builder\templates\chrome-extension",,"12/02/2026 15:43:27"
"C:\repos_pn\antigravity-kit\.agent\skills\app-builder\templates\cli-tool",,"12/02/2026 15:43:27"
"C:\repos_pn\antigravity-kit\.agent\skills\app-builder\templates\electron-desktop",,"12/02/2026 15:43:27"
"C:\repos_pn\antigravity-kit\.agent\skills\app-builder\templates\express-api",,"12/02/2026 15:43:27"
"C:\repos_pn\antigravity-kit\.agent\skills\app-builder\templates\flutter-app",,"12/02/2026 15:43:27"
"C:\repos_pn\antigravity-kit\.agent\skills\app-builder\templates\monorepo-turborepo",,"12/02/2026 15:43:27"
"C:\repos_pn\antigravity-kit\.agent\skills\app-builder\templates\nextjs-fullstack",,"12/02/2026 15:43:27"
"C:\repos_pn\antigravity-kit\.agent\skills\app-builder\templates\nextjs-saas",,"12/02/2026 15:43:27"
"C:\repos_pn\antigravity-kit\.agent\skills\app-builder\templates\nextjs-static",,"12/02/2026 15:43:27"
"C:\repos_pn\antigravity-kit\.agent\skills\app-builder\templates\nuxt-app",,"12/02/2026 15:43:27"
"C:\repos_pn\antigravity-kit\.agent\skills\app-builder\templates\python-fastapi",,"12/02/2026 15:43:27"
"C:\repos_pn\antigravity-kit\.agent\skills\app-builder\templates\react-native-app",,"12/02/2026 15:43:27"
"C:\repos_pn\antigravity-kit\.agent\skills\app-builder\templates\SKILL.md","1624","12/02/2026 15:43:27"
"C:\repos_pn\antigravity-kit\.agent\skills\app-builder\templates\astro-static\TEMPLATE.md","1782","12/02/2026 15:43:27"
"C:\repos_pn\antigravity-kit\.agent\skills\app-builder\templates\chrome-extension\TEMPLATE.md","2058","12/02/2026 15:43:27"
"C:\repos_pn\antigravity-kit\.agent\skills\app-builder\templates\cli-tool\TEMPLATE.md","1850","12/02/2026 15:43:27"
"C:\repos_pn\antigravity-kit\.agent\skills\app-builder\templates\electron-desktop\TEMPLATE.md","1911","12/02/2026 15:43:27"
"C:\repos_pn\antigravity-kit\.agent\skills\app-builder\templates\express-api\TEMPLATE.md","1842","12/02/2026 15:43:27"
"C:\repos_pn\antigravity-kit\.agent\skills\app-builder\templates\flutter-app\TEMPLATE.md","1945","12/02/2026 15:43:27"
"C:\repos_pn\antigravity-kit\.agent\skills\app-builder\templates\monorepo-turborepo\TEMPLATE.md","1970","12/02/2026 15:43:27"
"C:\repos_pn\antigravity-kit\.agent\skills\app-builder\templates\nextjs-fullstack\TEMPLATE.md","4218","12/02/2026 15:43:27"
"C:\repos_pn\antigravity-kit\.agent\skills\app-builder\templates\nextjs-saas\TEMPLATE.md","3489","12/02/2026 15:43:27"
"C:\repos_pn\antigravity-kit\.agent\skills\app-builder\templates\nextjs-static\TEMPLATE.md","5607","12/02/2026 15:43:27"
"C:\repos_pn\antigravity-kit\.agent\skills\app-builder\templates\nuxt-app\TEMPLATE.md","4200","12/02/2026 15:43:27"
"C:\repos_pn\antigravity-kit\.agent\skills\app-builder\templates\python-fastapi\TEMPLATE.md","1868","12/02/2026 15:43:27"
"C:\repos_pn\antigravity-kit\.agent\skills\app-builder\templates\react-native-app\TEMPLATE.md","4390","12/02/2026 15:43:27"
"C:\repos_pn\antigravity-kit\.agent\skills\architecture\context-discovery.md","1634","12/02/2026 15:43:27"
"C:\repos_pn\antigravity-kit\.agent\skills\architecture\examples.md","2524","12/02/2026 15:43:27"
"C:\repos_pn\antigravity-kit\.agent\skills\architecture\pattern-selection.md","2706","12/02/2026 15:43:27"
"C:\repos_pn\antigravity-kit\.agent\skills\architecture\patterns-reference.md","2357","12/02/2026 15:43:27"
"C:\repos_pn\antigravity-kit\.agent\skills\architecture\SKILL.md","1814","12/02/2026 15:43:27"
"C:\repos_pn\antigravity-kit\.agent\skills\architecture\trade-off-analysis.md","1656","12/02/2026 15:43:27"
"C:\repos_pn\antigravity-kit\.agent\skills\bash-linux\SKILL.md","4355","12/02/2026 15:43:27"
"C:\repos_pn\antigravity-kit\.agent\skills\behavioral-modes\SKILL.md","5621","12/02/2026 15:43:27"
"C:\repos_pn\antigravity-kit\.agent\skills\brainstorming\dynamic-questioning.md","11969","12/02/2026 15:43:27"
"C:\repos_pn\antigravity-kit\.agent\skills\brainstorming\SKILL.md","4823","12/02/2026 15:43:27"
"C:\repos_pn\antigravity-kit\.agent\skills\clean-code\SKILL.md","6835","12/02/2026 15:43:27"
"C:\repos_pn\antigravity-kit\.agent\skills\code-review-checklist\SKILL.md","2683","12/02/2026 15:43:27"
"C:\repos_pn\antigravity-kit\.agent\skills\database-design\scripts",,"12/02/2026 15:43:27"
"C:\repos_pn\antigravity-kit\.agent\skills\database-design\database-selection.md","1180","12/02/2026 15:43:27"
"C:\repos_pn\antigravity-kit\.agent\skills\database-design\indexing.md","931","12/02/2026 15:43:27"
"C:\repos_pn\antigravity-kit\.agent\skills\database-design\migrations.md","1155","12/02/2026 15:43:27"
"C:\repos_pn\antigravity-kit\.agent\skills\database-design\optimization.md","938","12/02/2026 15:43:27"
"C:\repos_pn\antigravity-kit\.agent\skills\database-design\orm-selection.md","801","12/02/2026 15:43:27"
"C:\repos_pn\antigravity-kit\.agent\skills\database-design\schema-design.md","1526","12/02/2026 15:43:27"
"C:\repos_pn\antigravity-kit\.agent\skills\database-design\SKILL.md","1579","12/02/2026 15:43:27"
"C:\repos_pn\antigravity-kit\.agent\skills\database-design\scripts\schema_validator.py","5547","12/02/2026 15:43:27"
"C:\repos_pn\antigravity-kit\.agent\skills\deployment-procedures\SKILL.md","5949","12/02/2026 15:43:28"
"C:\repos_pn\antigravity-kit\.agent\skills\documentation-templates\SKILL.md","3506","12/02/2026 15:43:28"
"C:\repos_pn\antigravity-kit\.agent\skills\frontend-design\scripts",,"12/02/2026 15:43:28"
"C:\repos_pn\antigravity-kit\.agent\skills\frontend-design\animation-guide.md","8366","12/02/2026 15:43:28"
"C:\repos_pn\antigravity-kit\.agent\skills\frontend-design\color-system.md","9942","12/02/2026 15:43:28"
"C:\repos_pn\antigravity-kit\.agent\skills\frontend-design\decision-trees.md","17683","12/02/2026 15:43:28"
"C:\repos_pn\antigravity-kit\.agent\skills\frontend-design\motion-graphics.md","8305","12/02/2026 15:43:28"
"C:\repos_pn\antigravity-kit\.agent\skills\frontend-design\SKILL.md","12937","12/02/2026 15:43:28"
"C:\repos_pn\antigravity-kit\.agent\skills\frontend-design\typography-system.md","8868","12/02/2026 15:43:28"
"C:\repos_pn\antigravity-kit\.agent\skills\frontend-design\ux-psychology.md","41109","12/02/2026 15:43:28"
"C:\repos_pn\antigravity-kit\.agent\skills\frontend-design\visual-effects.md","8745","12/02/2026 15:43:28"
"C:\repos_pn\antigravity-kit\.agent\skills\frontend-design\scripts\accessibility_checker.py","6166","12/02/2026 15:43:28"
"C:\repos_pn\antigravity-kit\.agent\skills\frontend-design\scripts\ux_audit.py","40178","12/02/2026 15:43:28"
"C:\repos_pn\antigravity-kit\.agent\skills\game-development\2d-games",,"12/02/2026 15:43:28"
"C:\repos_pn\antigravity-kit\.agent\skills\game-development\3d-games",,"12/02/2026 15:43:28"
"C:\repos_pn\antigravity-kit\.agent\skills\game-development\game-art",,"12/02/2026 15:43:28"
"C:\repos_pn\antigravity-kit\.agent\skills\game-development\game-audio",,"12/02/2026 15:43:28"
"C:\repos_pn\antigravity-kit\.agent\skills\game-development\game-design",,"12/02/2026 15:43:28"
"C:\repos_pn\antigravity-kit\.agent\skills\game-development\mobile-games",,"12/02/2026 15:43:28"
"C:\repos_pn\antigravity-kit\.agent\skills\game-development\multiplayer",,"12/02/2026 15:43:28"
"C:\repos_pn\antigravity-kit\.agent\skills\game-development\pc-games",,"12/02/2026 15:43:28"
"C:\repos_pn\antigravity-kit\.agent\skills\game-development\vr-ar",,"12/02/2026 15:43:28"
"C:\repos_pn\antigravity-kit\.agent\skills\game-development\web-games",,"12/02/2026 15:43:28"
"C:\repos_pn\antigravity-kit\.agent\skills\game-development\SKILL.md","4849","12/02/2026 15:43:28"
"C:\repos_pn\antigravity-kit\.agent\skills\game-development\2d-games\SKILL.md","2309","12/02/2026 15:43:28"
"C:\repos_pn\antigravity-kit\.agent\skills\game-development\3d-games\SKILL.md","2698","12/02/2026 15:43:28"
"C:\repos_pn\antigravity-kit\.agent\skills\game-development\game-art\SKILL.md","5234","12/02/2026 15:43:28"
"C:\repos_pn\antigravity-kit\.agent\skills\game-development\game-audio\SKILL.md","5551","12/02/2026 15:43:28"
"C:\repos_pn\antigravity-kit\.agent\skills\game-development\game-design\SKILL.md","2774","12/02/2026 15:43:28"
"C:\repos_pn\antigravity-kit\.agent\skills\game-development\mobile-games\SKILL.md","2390","12/02/2026 15:43:28"
"C:\repos_pn\antigravity-kit\.agent\skills\game-development\multiplayer\SKILL.md","2945","12/02/2026 15:43:28"
"C:\repos_pn\antigravity-kit\.agent\skills\game-development\pc-games\SKILL.md","3117","12/02/2026 15:43:28"
"C:\repos_pn\antigravity-kit\.agent\skills\game-development\vr-ar\SKILL.md","2502","12/02/2026 15:43:28"
"C:\repos_pn\antigravity-kit\.agent\skills\game-development\web-games\SKILL.md","3223","12/02/2026 15:43:28"
"C:\repos_pn\antigravity-kit\.agent\skills\geo-fundamentals\scripts",,"12/02/2026 15:43:28"
"C:\repos_pn\antigravity-kit\.agent\skills\geo-fundamentals\SKILL.md","3601","12/02/2026 15:43:28"
"C:\repos_pn\antigravity-kit\.agent\skills\geo-fundamentals\scripts\geo_checker.py","10039","12/02/2026 15:43:28"
"C:\repos_pn\antigravity-kit\.agent\skills\i18n-localization\scripts",,"12/02/2026 15:43:28"
"C:\repos_pn\antigravity-kit\.agent\skills\i18n-localization\SKILL.md","3275","12/02/2026 15:43:28"
"C:\repos_pn\antigravity-kit\.agent\skills\i18n-localization\scripts\i18n_checker.py","7955","12/02/2026 15:43:28"
"C:\repos_pn\antigravity-kit\.agent\skills\intelligent-routing\SKILL.md","10952","12/02/2026 15:43:28"
"C:\repos_pn\antigravity-kit\.agent\skills\lint-and-validate\scripts",,"12/02/2026 15:43:28"
"C:\repos_pn\antigravity-kit\.agent\skills\lint-and-validate\SKILL.md","1772","12/02/2026 15:43:28"
"C:\repos_pn\antigravity-kit\.agent\skills\lint-and-validate\scripts\lint_runner.py","5605","12/02/2026 15:43:28"
"C:\repos_pn\antigravity-kit\.agent\skills\lint-and-validate\scripts\type_coverage.py","6653","12/02/2026 15:43:28"
"C:\repos_pn\antigravity-kit\.agent\skills\mcp-builder\SKILL.md","3484","12/02/2026 15:43:28"
"C:\repos_pn\antigravity-kit\.agent\skills\mobile-design\scripts",,"12/02/2026 15:43:28"
"C:\repos_pn\antigravity-kit\.agent\skills\mobile-design\decision-trees.md","16836","12/02/2026 15:43:28"
"C:\repos_pn\antigravity-kit\.agent\skills\mobile-design\mobile-backend.md","15177","12/02/2026 15:43:28"
"C:\repos_pn\antigravity-kit\.agent\skills\mobile-design\mobile-color-system.md","10631","12/02/2026 15:43:28"
"C:\repos_pn\antigravity-kit\.agent\skills\mobile-design\mobile-debugging.md","4372","12/02/2026 15:43:28"
"C:\repos_pn\antigravity-kit\.agent\skills\mobile-design\mobile-design-thinking.md","17584","12/02/2026 15:43:28"
"C:\repos_pn\antigravity-kit\.agent\skills\mobile-design\mobile-navigation.md","12313","12/02/2026 15:43:28"
"C:\repos_pn\antigravity-kit\.agent\skills\mobile-design\mobile-performance.md","20072","12/02/2026 15:43:28"
"C:\repos_pn\antigravity-kit\.agent\skills\mobile-design\mobile-testing.md","11383","12/02/2026 15:43:28"
"C:\repos_pn\antigravity-kit\.agent\skills\mobile-design\mobile-typography.md","11150","12/02/2026 15:43:28"
"C:\repos_pn\antigravity-kit\.agent\skills\mobile-design\platform-android.md","20207","12/02/2026 15:43:28"
"C:\repos_pn\antigravity-kit\.agent\skills\mobile-design\platform-ios.md","17688","12/02/2026 15:43:28"
"C:\repos_pn\antigravity-kit\.agent\skills\mobile-design\SKILL.md","15849","12/02/2026 15:43:28"
"C:\repos_pn\antigravity-kit\.agent\skills\mobile-design\touch-psychology.md","17385","12/02/2026 15:43:28"
"C:\repos_pn\antigravity-kit\.agent\skills\mobile-design\scripts\mobile_audit.py","36646","12/02/2026 15:43:28"
"C:\repos_pn\antigravity-kit\.agent\skills\nextjs-react-expert\scripts",,"12/02/2026 15:43:28"
"C:\repos_pn\antigravity-kit\.agent\skills\nextjs-react-expert\1-async-eliminating-waterfalls.md","8088","12/02/2026 15:43:28"
"C:\repos_pn\antigravity-kit\.agent\skills\nextjs-react-expert\2-bundle-bundle-size-optimization.md","6509","12/02/2026 15:43:28"
"C:\repos_pn\antigravity-kit\.agent\skills\nextjs-react-expert\3-server-server-side-performance.md","13350","12/02/2026 15:43:28"
"C:\repos_pn\antigravity-kit\.agent\skills\nextjs-react-expert\4-client-client-side-data-fetching.md","7082","12/02/2026 15:43:28"
"C:\repos_pn\antigravity-kit\.agent\skills\nextjs-react-expert\5-rerender-re-render-optimization.md","16452","12/02/2026 15:43:28"
"C:\repos_pn\antigravity-kit\.agent\skills\nextjs-react-expert\6-rendering-rendering-performance.md","10785","12/02/2026 15:43:28"
"C:\repos_pn\antigravity-kit\.agent\skills\nextjs-react-expert\7-js-javascript-performance.md","18044","12/02/2026 15:43:28"
"C:\repos_pn\antigravity-kit\.agent\skills\nextjs-react-expert\8-advanced-advanced-patterns.md","3793","12/02/2026 15:43:28"
"C:\repos_pn\antigravity-kit\.agent\skills\nextjs-react-expert\SKILL.md","10161","12/02/2026 15:43:28"
"C:\repos_pn\antigravity-kit\.agent\skills\nextjs-react-expert\scripts\convert_rules.py","6853","12/02/2026 15:43:28"
"C:\repos_pn\antigravity-kit\.agent\skills\nextjs-react-expert\scripts\react_performance_checker.py","10303","12/02/2026 15:43:28"
"C:\repos_pn\antigravity-kit\.agent\skills\nodejs-best-practices\SKILL.md","8599","12/02/2026 15:43:28"
"C:\repos_pn\antigravity-kit\.agent\skills\parallel-agents\SKILL.md","5515","12/02/2026 15:43:28"
"C:\repos_pn\antigravity-kit\.agent\skills\performance-profiling\scripts",,"12/02/2026 15:43:28"
"C:\repos_pn\antigravity-kit\.agent\skills\performance-profiling\SKILL.md","3244","12/02/2026 15:43:28"
"C:\repos_pn\antigravity-kit\.agent\skills\performance-profiling\scripts\lighthouse_audit.py","2733","12/02/2026 15:43:28"
"C:\repos_pn\antigravity-kit\.agent\skills\plan-writing\SKILL.md","4152","12/02/2026 15:43:28"
"C:\repos_pn\antigravity-kit\.agent\skills\powershell-windows\SKILL.md","3667","12/02/2026 15:43:28"
"C:\repos_pn\antigravity-kit\.agent\skills\python-patterns\SKILL.md","9917","12/02/2026 15:43:28"
"C:\repos_pn\antigravity-kit\.agent\skills\red-team-tactics\SKILL.md","4604","12/02/2026 15:43:28"
"C:\repos_pn\antigravity-kit\.agent\skills\rust-pro\SKILL.md","7730","12/02/2026 15:43:28"
"C:\repos_pn\antigravity-kit\.agent\skills\seo-fundamentals\scripts",,"12/02/2026 15:43:28"
"C:\repos_pn\antigravity-kit\.agent\skills\seo-fundamentals\SKILL.md","2916","12/02/2026 15:43:28"
"C:\repos_pn\antigravity-kit\.agent\skills\seo-fundamentals\scripts\seo_checker.py","6803","12/02/2026 15:43:28"
"C:\repos_pn\antigravity-kit\.agent\skills\server-management\SKILL.md","3895","12/02/2026 15:43:28"
"C:\repos_pn\antigravity-kit\.agent\skills\systematic-debugging\SKILL.md","2514","12/02/2026 15:43:28"
"C:\repos_pn\antigravity-kit\.agent\skills\tailwind-patterns\SKILL.md","7026","12/02/2026 15:43:28"
"C:\repos_pn\antigravity-kit\.agent\skills\tdd-workflow\SKILL.md","2962","12/02/2026 15:43:28"
"C:\repos_pn\antigravity-kit\.agent\skills\testing-patterns\scripts",,"12/02/2026 15:43:28"
"C:\repos_pn\antigravity-kit\.agent\skills\testing-patterns\SKILL.md","3666","12/02/2026 15:43:28"
"C:\repos_pn\antigravity-kit\.agent\skills\testing-patterns\scripts\test_runner.py","7297","12/02/2026 15:43:28"
"C:\repos_pn\antigravity-kit\.agent\skills\vulnerability-scanner\scripts",,"12/02/2026 15:43:28"
"C:\repos_pn\antigravity-kit\.agent\skills\vulnerability-scanner\checklists.md","2867","12/02/2026 15:43:28"
"C:\repos_pn\antigravity-kit\.agent\skills\vulnerability-scanner\SKILL.md","7860","12/02/2026 15:43:28"
"C:\repos_pn\antigravity-kit\.agent\skills\vulnerability-scanner\scripts\security_scan.py","18628","12/02/2026 15:43:28"
"C:\repos_pn\antigravity-kit\.agent\skills\web-design-guidelines\SKILL.md","1828","12/02/2026 15:43:28"
"C:\repos_pn\antigravity-kit\.agent\skills\webapp-testing\scripts",,"12/02/2026 15:43:28"
"C:\repos_pn\antigravity-kit\.agent\skills\webapp-testing\SKILL.md","4002","12/02/2026 15:43:28"
"C:\repos_pn\antigravity-kit\.agent\skills\webapp-testing\scripts\playwright_runner.py","6704","12/02/2026 15:43:28"
"C:\repos_pn\antigravity-kit\.agent\workflows\brainstorm.md","1938","12/02/2026 15:43:28"
"C:\repos_pn\antigravity-kit\.agent\workflows\create.md","1306","12/02/2026 15:43:28"
"C:\repos_pn\antigravity-kit\.agent\workflows\debug.md","1809","12/02/2026 15:43:28"
"C:\repos_pn\antigravity-kit\.agent\workflows\deploy.md","3811","12/02/2026 15:43:28"
"C:\repos_pn\antigravity-kit\.agent\workflows\enhance.md","1238","12/02/2026 15:43:28"
"C:\repos_pn\antigravity-kit\.agent\workflows\orchestrate.md","7532","12/02/2026 15:43:28"
"C:\repos_pn\antigravity-kit\.agent\workflows\plan.md","2074","12/02/2026 15:43:28"
"C:\repos_pn\antigravity-kit\.agent\workflows\preview.md","1245","12/02/2026 15:43:28"
"C:\repos_pn\antigravity-kit\.agent\workflows\status.md","1502","12/02/2026 15:43:28"
"C:\repos_pn\antigravity-kit\.agent\workflows\test.md","2807","12/02/2026 15:43:28"
"C:\repos_pn\antigravity-kit\.agent\workflows\ui-ux-pro-max.md","11105","12/02/2026 15:43:28"
"C:\repos_pn\antigravity-kit\web\public",,"12/02/2026 15:43:28"
"C:\repos_pn\antigravity-kit\web\src",,"12/02/2026 15:43:28"
"C:\repos_pn\antigravity-kit\web\.gitignore","529","12/02/2026 15:43:28"
"C:\repos_pn\antigravity-kit\web\components.json","527","12/02/2026 15:43:28"
"C:\repos_pn\antigravity-kit\web\eslint.config.mjs","483","12/02/2026 15:43:28"
"C:\repos_pn\antigravity-kit\web\next.config.ts","274","12/02/2026 15:43:28"
"C:\repos_pn\antigravity-kit\web\package-lock.json","342927","12/02/2026 15:43:28"
"C:\repos_pn\antigravity-kit\web\package.json","1157","12/02/2026 15:43:28"
"C:\repos_pn\antigravity-kit\web\postcss.config.mjs","101","12/02/2026 15:43:28"
"C:\repos_pn\antigravity-kit\web\README.md","4556","12/02/2026 15:43:28"
"C:\repos_pn\antigravity-kit\web\tsconfig.json","704","12/02/2026 15:43:28"
"C:\repos_pn\antigravity-kit\web\public\images",,"12/02/2026 15:43:28"
"C:\repos_pn\antigravity-kit\web\public\favicon.ico","4022","12/02/2026 15:43:28"
"C:\repos_pn\antigravity-kit\web\public\images\claudekit.png","2484","12/02/2026 15:43:28"
"C:\repos_pn\antigravity-kit\web\public\images\logo.png","66203","12/02/2026 15:43:28"
"C:\repos_pn\antigravity-kit\web\public\images\ux-ui-pro-max.svg","1062","12/02/2026 15:43:28"
"C:\repos_pn\antigravity-kit\web\src\app",,"12/02/2026 15:43:28"
"C:\repos_pn\antigravity-kit\web\src\components",,"12/02/2026 15:43:28"
"C:\repos_pn\antigravity-kit\web\src\hooks",,"12/02/2026 15:43:28"
"C:\repos_pn\antigravity-kit\web\src\lib",,"12/02/2026 15:43:28"
"C:\repos_pn\antigravity-kit\web\src\services",,"12/02/2026 15:43:28"
"C:\repos_pn\antigravity-kit\web\src\mdx-components.tsx","3177","12/02/2026 15:43:28"
"C:\repos_pn\antigravity-kit\web\src\app\docs",,"12/02/2026 15:43:28"
"C:\repos_pn\antigravity-kit\web\src\app\globals.css","4327","12/02/2026 15:43:28"
"C:\repos_pn\antigravity-kit\web\src\app\layout.tsx","1726","12/02/2026 15:43:28"
"C:\repos_pn\antigravity-kit\web\src\app\page.tsx","26018","12/02/2026 15:43:28"
"C:\repos_pn\antigravity-kit\web\src\app\docs\agents",,"12/02/2026 15:43:28"
"C:\repos_pn\antigravity-kit\web\src\app\docs\cli",,"12/02/2026 15:43:28"
"C:\repos_pn\antigravity-kit\web\src\app\docs\guide",,"12/02/2026 15:43:28"
"C:\repos_pn\antigravity-kit\web\src\app\docs\installation",,"12/02/2026 15:43:28"
"C:\repos_pn\antigravity-kit\web\src\app\docs\skills",,"12/02/2026 15:43:28"
"C:\repos_pn\antigravity-kit\web\src\app\docs\workflows",,"12/02/2026 15:43:28"
"C:\repos_pn\antigravity-kit\web\src\app\docs\layout.tsx","2072","12/02/2026 15:43:28"
"C:\repos_pn\antigravity-kit\web\src\app\docs\page.tsx","10278","12/02/2026 15:43:28"
"C:\repos_pn\antigravity-kit\web\src\app\docs\agents\page.tsx","9909","12/02/2026 15:43:28"
"C:\repos_pn\antigravity-kit\web\src\app\docs\cli\page.tsx","16662","12/02/2026 15:43:28"
"C:\repos_pn\antigravity-kit\web\src\app\docs\guide\examples",,"12/02/2026 15:43:28"
"C:\repos_pn\antigravity-kit\web\src\app\docs\guide\examples\brainstorm",,"12/02/2026 15:43:28"
"C:\repos_pn\antigravity-kit\web\src\app\docs\guide\examples\create",,"12/02/2026 15:43:28"
"C:\repos_pn\antigravity-kit\web\src\app\docs\guide\examples\debugging",,"12/02/2026 15:43:28"
"C:\repos_pn\antigravity-kit\web\src\app\docs\guide\examples\deployment",,"12/02/2026 15:43:28"
"C:\repos_pn\antigravity-kit\web\src\app\docs\guide\examples\new-feature",,"12/02/2026 15:43:28"
"C:\repos_pn\antigravity-kit\web\src\app\docs\guide\examples\orchestration",,"12/02/2026 15:43:28"
"C:\repos_pn\antigravity-kit\web\src\app\docs\guide\examples\plan",,"12/02/2026 15:43:28"
"C:\repos_pn\antigravity-kit\web\src\app\docs\guide\examples\preview",,"12/02/2026 15:43:28"
"C:\repos_pn\antigravity-kit\web\src\app\docs\guide\examples\status",,"12/02/2026 15:43:28"
"C:\repos_pn\antigravity-kit\web\src\app\docs\guide\examples\test",,"12/02/2026 15:43:28"
"C:\repos_pn\antigravity-kit\web\src\app\docs\guide\examples\ui-design",,"12/02/2026 15:43:28"
"C:\repos_pn\antigravity-kit\web\src\app\docs\guide\examples\brainstorm\page.mdx","3260","12/02/2026 15:43:28"
"C:\repos_pn\antigravity-kit\web\src\app\docs\guide\examples\create\page.mdx","2798","12/02/2026 15:43:28"
"C:\repos_pn\antigravity-kit\web\src\app\docs\guide\examples\debugging\page.mdx","2674","12/02/2026 15:43:28"
"C:\repos_pn\antigravity-kit\web\src\app\docs\guide\examples\deployment\page.mdx","3292","12/02/2026 15:43:28"
"C:\repos_pn\antigravity-kit\web\src\app\docs\guide\examples\new-feature\page.mdx","3780","12/02/2026 15:43:28"
"C:\repos_pn\antigravity-kit\web\src\app\docs\guide\examples\orchestration\page.mdx","3657","12/02/2026 15:43:28"
"C:\repos_pn\antigravity-kit\web\src\app\docs\guide\examples\plan\page.mdx","2306","12/02/2026 15:43:28"
"C:\repos_pn\antigravity-kit\web\src\app\docs\guide\examples\preview\page.mdx","1994","12/02/2026 15:43:28"
"C:\repos_pn\antigravity-kit\web\src\app\docs\guide\examples\status\page.mdx","2506","12/02/2026 15:43:28"
"C:\repos_pn\antigravity-kit\web\src\app\docs\guide\examples\test\page.mdx","2135","12/02/2026 15:43:28"
"C:\repos_pn\antigravity-kit\web\src\app\docs\guide\examples\ui-design\page.mdx","3919","12/02/2026 15:43:28"
"C:\repos_pn\antigravity-kit\web\src\app\docs\installation\page.tsx","9269","12/02/2026 15:43:28"
"C:\repos_pn\antigravity-kit\web\src\app\docs\skills\page.tsx","11473","12/02/2026 15:43:28"
"C:\repos_pn\antigravity-kit\web\src\app\docs\workflows\page.tsx","9829","12/02/2026 15:43:28"
"C:\repos_pn\antigravity-kit\web\src\components\docs",,"12/02/2026 15:43:28"
"C:\repos_pn\antigravity-kit\web\src\components\layout",,"12/02/2026 15:43:28"
"C:\repos_pn\antigravity-kit\web\src\components\mdx",,"12/02/2026 15:43:28"
"C:\repos_pn\antigravity-kit\web\src\components\ui",,"12/02/2026 15:43:28"
"C:\repos_pn\antigravity-kit\web\src\components\theme-provider.tsx","310","12/02/2026 15:43:28"
"C:\repos_pn\antigravity-kit\web\src\components\typing.tsx","599","12/02/2026 15:43:28"
"C:\repos_pn\antigravity-kit\web\src\components\docs\code-block.tsx","1434","12/02/2026 15:43:28"
"C:\repos_pn\antigravity-kit\web\src\components\docs\sidebar.tsx","3340","12/02/2026 15:43:28"
"C:\repos_pn\antigravity-kit\web\src\components\layout\footer",,"12/02/2026 15:43:28"
"C:\repos_pn\antigravity-kit\web\src\components\layout\header",,"12/02/2026 15:43:28"
"C:\repos_pn\antigravity-kit\web\src\components\layout\toc",,"12/02/2026 15:43:28"
"C:\repos_pn\antigravity-kit\web\src\components\layout\footer\index.tsx","10078","12/02/2026 15:43:28"
"C:\repos_pn\antigravity-kit\web\src\components\layout\header\components",,"12/02/2026 15:43:28"
"C:\repos_pn\antigravity-kit\web\src\components\layout\header\index.tsx","6205","12/02/2026 15:43:28"
"C:\repos_pn\antigravity-kit\web\src\components\layout\header\components\donate-dialog.tsx","7632","12/02/2026 15:43:28"
"C:\repos_pn\antigravity-kit\web\src\components\layout\header\components\mobile-menu.tsx","5316","12/02/2026 15:43:28"
"C:\repos_pn\antigravity-kit\web\src\components\layout\header\components\search-dialog.tsx","8866","12/02/2026 15:43:28"
"C:\repos_pn\antigravity-kit\web\src\components\layout\header\components\theme-toggle.tsx","3256","12/02/2026 15:43:28"
"C:\repos_pn\antigravity-kit\web\src\components\layout\toc\index.tsx","0","12/02/2026 15:43:28"
"C:\repos_pn\antigravity-kit\web\src\components\mdx\Callout.tsx","1893","12/02/2026 15:43:28"
"C:\repos_pn\antigravity-kit\web\src\components\mdx\FeatureGrid.tsx","1042","12/02/2026 15:43:28"
"C:\repos_pn\antigravity-kit\web\src\components\mdx\index.ts","251","12/02/2026 15:43:28"
"C:\repos_pn\antigravity-kit\web\src\components\mdx\ProTips.tsx","743","12/02/2026 15:43:28"
"C:\repos_pn\antigravity-kit\web\src\components\mdx\StepList.tsx","924","12/02/2026 15:43:28"
"C:\repos_pn\antigravity-kit\web\src\components\mdx\Terminal.tsx","1235","12/02/2026 15:43:28"
"C:\repos_pn\antigravity-kit\web\src\components\ui\accordion.tsx","2158","12/02/2026 15:43:28"
"C:\repos_pn\antigravity-kit\web\src\components\ui\alert-dialog.tsx","5150","12/02/2026 15:43:28"
"C:\repos_pn\antigravity-kit\web\src\components\ui\alert.tsx","2478","12/02/2026 15:43:28"
"C:\repos_pn\antigravity-kit\web\src\components\ui\autocomplete.tsx","9697","12/02/2026 15:43:28"
"C:\repos_pn\antigravity-kit\web\src\components\ui\avatar.tsx","1136","12/02/2026 15:43:28"
"C:\repos_pn\antigravity-kit\web\src\components\ui\badge.tsx","2808","12/02/2026 15:43:28"
"C:\repos_pn\antigravity-kit\web\src\components\ui\breadcrumb.tsx","2631","12/02/2026 15:43:28"
"C:\repos_pn\antigravity-kit\web\src\components\ui\button.tsx","5047","12/02/2026 15:43:28"
"C:\repos_pn\antigravity-kit\web\src\components\ui\card.tsx","3317","12/02/2026 15:43:28"
"C:\repos_pn\antigravity-kit\web\src\components\ui\checkbox-group.tsx","400","12/02/2026 15:43:28"
"C:\repos_pn\antigravity-kit\web\src\components\ui\checkbox.tsx","2716","12/02/2026 15:43:28"
"C:\repos_pn\antigravity-kit\web\src\components\ui\collapsible.tsx","1085","12/02/2026 15:43:28"
"C:\repos_pn\antigravity-kit\web\src\components\ui\combobox.tsx","14586","12/02/2026 15:43:28"
"C:\repos_pn\antigravity-kit\web\src\components\ui\command.tsx","7453","12/02/2026 15:43:28"
"C:\repos_pn\antigravity-kit\web\src\components\ui\dialog.tsx","6112","12/02/2026 15:43:28"
"C:\repos_pn\antigravity-kit\web\src\components\ui\empty.tsx","3474","12/02/2026 15:43:28"
"C:\repos_pn\antigravity-kit\web\src\components\ui\field.tsx","1651","12/02/2026 15:43:28"
"C:\repos_pn\antigravity-kit\web\src\components\ui\fieldset.tsx","676","12/02/2026 15:43:28"
"C:\repos_pn\antigravity-kit\web\src\components\ui\form.tsx","355","12/02/2026 15:43:28"
"C:\repos_pn\antigravity-kit\web\src\components\ui\frame.tsx","2009","12/02/2026 15:43:28"
"C:\repos_pn\antigravity-kit\web\src\components\ui\group.tsx","4952","12/02/2026 15:43:28"
"C:\repos_pn\antigravity-kit\web\src\components\ui\input-group.tsx","6291","12/02/2026 15:43:28"
"C:\repos_pn\antigravity-kit\web\src\components\ui\input.tsx","2776","12/02/2026 15:43:28"
"C:\repos_pn\antigravity-kit\web\src\components\ui\kbd.tsx","751","12/02/2026 15:43:28"
"C:\repos_pn\antigravity-kit\web\src\components\ui\label.tsx","603","12/02/2026 15:43:28"
"C:\repos_pn\antigravity-kit\web\src\components\ui\llms.txt","6631","12/02/2026 15:43:28"
"C:\repos_pn\antigravity-kit\web\src\components\ui\menu.tsx","10961","12/02/2026 15:43:28"
"C:\repos_pn\antigravity-kit\web\src\components\ui\meter.tsx","1595","12/02/2026 15:43:28"
"C:\repos_pn\antigravity-kit\web\src\components\ui\number-field.tsx","5647","12/02/2026 15:43:28"
"C:\repos_pn\antigravity-kit\web\src\components\ui\pagination.tsx","3197","12/02/2026 15:43:28"
"C:\repos_pn\antigravity-kit\web\src\components\ui\popover.tsx","4101","12/02/2026 15:43:28"
"C:\repos_pn\antigravity-kit\web\src\components\ui\preview-card.tsx","1920","12/02/2026 15:43:28"
"C:\repos_pn\antigravity-kit\web\src\components\ui\progress.tsx","1786","12/02/2026 15:43:28"
"C:\repos_pn\antigravity-kit\web\src\components\ui\radio-group.tsx","1943","12/02/2026 15:43:28"
"C:\repos_pn\antigravity-kit\web\src\components\ui\scroll-area.tsx","2445","12/02/2026 15:43:28"
"C:\repos_pn\antigravity-kit\web\src\components\ui\select.tsx","7221","12/02/2026 15:43:28"
"C:\repos_pn\antigravity-kit\web\src\components\ui\separator.tsx","655","12/02/2026 15:43:28"
"C:\repos_pn\antigravity-kit\web\src\components\ui\sheet.tsx","6184","12/02/2026 15:43:28"
"C:\repos_pn\antigravity-kit\web\src\components\ui\sidebar.tsx","23008","12/02/2026 15:43:28"
"C:\repos_pn\antigravity-kit\web\src\components\ui\skeleton.tsx","561","12/02/2026 15:43:28"
"C:\repos_pn\antigravity-kit\web\src\components\ui\slider.tsx","3234","12/02/2026 15:43:28"
"C:\repos_pn\antigravity-kit\web\src\components\ui\spinner.tsx","362","12/02/2026 15:43:28"
"C:\repos_pn\antigravity-kit\web\src\components\ui\switch.tsx","1508","12/02/2026 15:43:28"
"C:\repos_pn\antigravity-kit\web\src\components\ui\table.tsx","4235","12/02/2026 15:43:28"
"C:\repos_pn\antigravity-kit\web\src\components\ui\tabs.tsx","3012","12/02/2026 15:43:28"
"C:\repos_pn\antigravity-kit\web\src\components\ui\textarea.tsx","2244","12/02/2026 15:43:28"
"C:\repos_pn\antigravity-kit\web\src\components\ui\toast.tsx","13309","12/02/2026 15:43:28"
"C:\repos_pn\antigravity-kit\web\src\components\ui\toggle-group.tsx","3588","12/02/2026 15:43:28"
"C:\repos_pn\antigravity-kit\web\src\components\ui\toggle.tsx","2324","12/02/2026 15:43:28"
"C:\repos_pn\antigravity-kit\web\src\components\ui\toolbar.tsx","2059","12/02/2026 15:43:28"
"C:\repos_pn\antigravity-kit\web\src\components\ui\tooltip.tsx","2994","12/02/2026 15:43:28"
"C:\repos_pn\antigravity-kit\web\src\hooks\use-mobile.ts","606","12/02/2026 15:43:28"
"C:\repos_pn\antigravity-kit\web\src\lib\docs-config.ts","5911","12/02/2026 15:43:28"
"C:\repos_pn\antigravity-kit\web\src\lib\utils.ts","172","12/02/2026 15:43:28"
"C:\repos_pn\antigravity-kit\web\src\services\agents.json","3798","12/02/2026 15:43:28"
"C:\repos_pn\antigravity-kit\web\src\services\skills.json","5295","12/02/2026 15:43:28"
"C:\repos_pn\antigravity-kit\web\src\services\workflows.json","1010","12/02/2026 15:43:28"
